{"cameraMode":{"drawMode":0,"name":"Shaded","section":"Shading Mode"},"sceneLighting":true,"audioPlay":false,"sceneViewState":{"showFog":true,"showMaterialUpdate":false,"showSkybox":true,"showFlares":true,"showImageEffects":true,"showParticleSystems":true,"showVisualEffectGraphs":true,"m_FxEnabled":true},"in2DMode":false,"pivot":{"x":1364.5225830078125,"y":880.519775390625,"z":41.86912536621094},"rotation":{"x":0.015209563076496125,"y":0.10449481755495072,"z":0.0015672522131353617,"w":-0.9944212436676025},"size":894.7363891601563,"orthographic":false}