{"cameraMode":{"drawMode":0,"name":"Shaded","section":"Shading Mode"},"sceneLighting":true,"audioPlay":false,"sceneViewState":{"showFog":true,"showMaterialUpdate":false,"showSkybox":true,"showFlares":true,"showImageEffects":true,"showParticleSystems":true,"showVisualEffectGraphs":true,"m_FxEnabled":true},"in2DMode":false,"pivot":{"x":895.35205078125,"y":875.1390380859375,"z":8.432235717773438},"rotation":{"x":-0.007809522561728954,"y":-0.0024027221370488407,"z":0.000018820965124177746,"w":-0.9999669790267944},"size":777.8193969726563,"orthographic":false}