{"cameraMode":{"drawMode":0,"name":"Shaded","section":"Shading Mode"},"sceneLighting":true,"audioPlay":false,"sceneViewState":{"showFog":true,"showMaterialUpdate":false,"showSkybox":true,"showFlares":true,"showImageEffects":true,"showParticleSystems":true,"showVisualEffectGraphs":true,"m_FxEnabled":true},"in2DMode":false,"pivot":{"x":-32.335933685302737,"y":-30.149600982666017,"z":-19.061176300048829},"rotation":{"x":-0.22135427594184876,"y":0.42393413186073305,"z":-0.10767912119626999,"w":-0.8716099262237549},"size":218.28500366210938,"orthographic":false}