{"cameraMode":{"drawMode":0,"name":"Shaded","section":"Shading Mode"},"sceneLighting":true,"audioPlay":false,"sceneViewState":{"m_AlwaysRefresh":false,"showFog":true,"showSkybox":true,"showFlares":true,"showImageEffects":true,"showParticleSystems":true,"showVisualEffectGraphs":true,"m_FxEnabled":true},"in2DMode":false,"pivot":{"x":911.9674682617188,"y":786.1759643554688,"z":159.24041748046876},"rotation":{"x":0.015209563076496125,"y":0.10449481755495072,"z":0.0015672522131353617,"w":-0.9944212436676025},"size":1230.236572265625,"orthographic":false}